,name,sold,price
60,Áo sơ mi ngắn tay nam Owen Bamboo Bodyfit họa tiết caro - BA22683NT,43,394560
64,Áo sơ mi ngắn tay nam Owen Bamboo Slimfit màu xám - AS22678N,40,548000
71,Áo sơ mi Dài tay Owen Café Regular Fit màu Be - AR23367D,31,628000
78,Áo sơ mi ngắn tay nam Owen Bạch đàn Body Fit màu Xanh kẻ trắng - BA23394N,22,568000
93,Áo sơ mi ngắn tay nam Owen Bamboo Regular Fit Xanh trắng - AR23584N,15,568000
96,Áo sơ mi dài tay nam Owen Bamboo Slim Fit Xanh navy trắng - AS23208D,18,588000
98,Áo sơ mi ngắn tay nam Owen Bạch đàn Body Fit Xanh caro - BA20569NT,15,568000
140,Áo sơ mi Dài tay Owen Lô hội Slim Fit màu Xanh - AS22943D,28,417600
204,Áo sơ mi nhung tăm thêu PATTERN PA016,2607,169150
220,Bộ sơ mi đũi nhăn PATTERN PB007,13,249000
227,Áo sơ mi nam cộc tay PATTERN Cuban shirt 5 màu trơn PA010,2201,169000
228,Áo sơ mi họa tiết PATTERN Cuban shirt hoa lá đi biển PA011,4354,169000
1636,Áo sơ mi nam dài tay Café Sticky Free khử mùi hiệu quả - thương hiệu Coolmate,1689,449000
1720,Áo sơ mi nam dài tay Bamboo Ex-Soft kháng khuẩn màu XANH/ĐEN thương hiệu Coolmate CW,911,419000
1748,Áo sơ mi nam dài tay Café-DriS màu XANH NHẠT khử mùi hiệu quả thương hiệu Coolmate,378,449000
1987,Set áo nam thần nỉ lifewear đen phối sơ mi trắng sticky - thương hiệu Coolmate CW,45,755000
2082,"Áo sơ mi nam Gray streaks vải lụa thoáng mát, không nhăn, form regular - FEAER",241,284050
2085,"Áo sơ mi nam Baskerville vải lụa thoáng mát, không nhăn, form regular - FEAER",13,349000
2086,Áo sơ mi nam tay dài VELVET FABRIC chất lụa nhung gân FEAER DENIM,2397,288150
2090,Áo sơ mi FEAER DENIM thoáng khí nhẹ thoải mái chất lụa BASIC SHORT,4917,189050
2091,Áo sơ mi nam FEAER DENIM tay dài chất lụa nhung gân VELVET FABRIC màu đen,1965,339000
2114,"Áo sơ mi nam De Luxe V2 vải lụa thoáng mát, không nhăn, form regular - FEAER",79,314100
2116,Áo sơ mi nam tay dài Velvet màu xanh ngọc chấy lụa nhung gân trẻ trungm sang trọng - FEAER,81,288150
2117,Áo sơ mi nam FEAER chất lụa họa tiết lá đen Boo Boo,29718,199000
2121,Áo sơ mi nam tay dài Punch Needle chất nhung gân trẻ trung sang trọng - FEAER,4,299000
2123,RANDOM BOX - Áo polo và sơ mi FEAER,18,299000
2127,"Áo sơ mi nam Cosmos vải lụa thoáng mát, không nhăn, form regular - FEAER",24,299000
2135,"Áo sơ mi nam Feaerless vải lụa thoáng mát, không nhăn, form regular - FEAER",7,299000
2137,"Áo sơ mi nam Fleur vải lụa thoáng mát, không nhăn, form regular - FEAER",21,349000
2139,"Áo sơ mi nam LEAF CHAIN vải lụa thoáng mát, không nhăn, form regular - FEAER",154,349000
2146,Áo sơ mi nam tay dài FEAER chất Linen thoáng Linen Silky,3309,279000
2148,"Áo sơ mi nam tay dài nam FEAER chất lụa thoáng, cao cấp Basic Long Sleeve",2499,279000
2149,"Áo sơ mi nam Smileys vải lụa thoáng mát, không nhăn, form regular - FEAER",17,349000
2154,Áo sơ mi nam tay dài VELOURS vải lụa nhung tăm - FEAER,176,299000
2156,"Áo sơ mi nam LEOPARD vải lụa mềm mịn, thoáng mát, chuẩn form - FEAER",5,299000
2158,"Áo sơ mi nam GARFIELD chất mền mịn, sang trọng, chuẩn form - FEAER",51,349000
2161,"Áo sơ mi nam CICAFLOW chất mềm mịn, sang trọng, chuẩn form, trẻ trung - FEAER",49,349000
2162,"Áo sơ mi nam SCRIBBLE vải lụa mềm mịn, thoáng mát, chuẩn form - FEAER",39,329000
2163,Áo sơ mi nam FEAER DENIM họa tiết hổ chất lụa mềm mịn TIGER KING,31,299000
2172,"Áo sơ mi nam ngắn tay trơn 4MEN AOSM087 form regular, vải lụa chéo đẹp hạn chế nhăn, màu sắc thanh lịch, hiện đại",3063,179000
2178,"Áo sơ mi nam oxford trơn đẹp 4MEN SM070 tay dài form suông regular, vải oxford dày dặn, mềm mịn, thấm mồ hôi, co giãn",1068,319000
2213,"Áo sơ mi nam dài tay phối màu đẹp 4MEN SM086 form dáng Regular, vải clotton mềm mịn, thoáng mát, phong cách trẻ trung",87,315000
2219,"Áo sơ mi nam kẻ sọc 4MEN SM067 dài tay, cổ Đức, vải Oxford và Cotton mềm, nhẹ, bền, thoáng mát, trẻ trung, thanh lịch",59,375000
2232,"Áo sơ mi nam họa tiết 4MEN SM082 vải trắng in họa tiết đẹp trẻ trung, vải cotton thấm mồ hôi, thoáng mát",122,199000
2239,"Áo sơ mi nam ngắn tay 4MEN SM093 vải linen mềm mịn, ít nhăn, giữ form đẹp, thoáng mát, in họa tiết trẻ trung, phong cách",11,395000
2381,Áo sơ mi nam trơn dài tay Kojiba màu trắng dáng slimfit vải lụa hàn mềm mịn không nhăn xù khống xù không phai màu,19358,87000
2382,Áo sơ mi nam cổ tàu dài tay kojiba Sơ mi trắng chất vải lụa mềm mịn mỏng không nhăn không xù không phai màu,21761,99000
2383,"Áo sơ mi nam dài tay cổ bẻ KOJIBA dáng Hàn Quốc vải lụa trơn cao cấp màu trắng,đen chống nhăn chống xù không phai màu",605,87000
2384,Áo sơ mi nam ngắn tay Kojiba dáng ôm dáng Hàn Quốc vải lụa cao cấp loại đẹp chống nhăn chống xù không phai màu,2042,97000
2387,Combo soái ca quần âu nam Kojiba màu đen áo sơ mi nam trắng dáng ôm body,2482,199000
2389,Áo sơ mi nam cổ bẻ dài tay Kojiba dáng ôm công sở hàn quốc cao cấp vải loại đẹp chống nhăn chống xù không phai màu,12306,99000
2391,Áo sơ mi nam tay dài Kojiba dáng ôm body phong cách Công Sở chất vải lụa loại tốt chống nhăn không xù không phai màu,2159,87000
2392,Áo sơ mi nam nữ unisex dài tay form rộng màu kem và xanh lá hot trend Kojiba,6596,102000
2393,Áo sơ mi nam Kojiba ngắn tay Hàn Quốc dáng ôm cổ bẻ vải lụa cao cấp chống nhăn chống xù không phai màu,560,97000
2395,Áo sơ mi nam cổ tàu màu đen dài tay Kojiba dáng ôm SMT,1136,99000
3128,Áo sơ mi caro phong cách Hàn Quốc năng động trẻ trung xanh than nâu MANDO SMD034,417,199000
3197,"Áo sơ mi nam ngắn tay cổ bẻ ROUGH chất liệu nhung tăm mỏng nhẹ, không xù vải",209,169000
3230,Áo sơ mi ngắn tay ROUGH nam nữ dáng rộng vải nhung tăm cao cấp,21,169000
3247,Áo sơ mi nam tay cộc ROUGH dáng rộng vải nhung tăm cao cấp,61,169000
3276,Áo sơ mi nam ngắn tay ROUGH dáng rộng vải nhung tăm trơn 5 màu,31,169000
3278,Áo sơ mi nam cộc tay ROUGH Cuban shirt 6 màu trơn,323,99000
3438,Áo sơ mi nam ngắn tay Biluxury 6SMCH001TTS công nghệ kháng khuẩn thời trang văn phòng lịch lãm,10,519000
3441,Áo sơ mi nam ngắn tay Biluxury 6SMCH002TRK công nghệ kháng khuẩn thời trang văn phòng lịch lãm,11,495000
3445,Áo sơ mi nam ngắn tay Biluxury 6SMCH006GHS phom Slimit công nghệ kháng khuẩn thời trang văn phòng lịch lãm,7,499000
3450,Áo sơ mi nam ngắn tay Biluxury 6SMCH004GHS sử dụng công nghệ dệt jacquard hiện đại phom ôm vừa tôn dáng trẻ trung,13,499000
3452,Áo sơ mi nam trắng dài tay Biluxury form Bodyfit ôm vừa basic thanh lịch 4SMDB002TRK,103,575000
3453,Áo sơ mi nam dài tay Biluxury 6SMDS002TTT họa tiết phom Slimit thời trang văn phòng lịch lãm,5,575000
3454,Áo sơ mi nam ngắn tay trắng Biluxury 6SMCC005TRK công nghệ kháng khuẩn thời trang văn phòng lịch lãm,6,499000
3456,Áo sơ mi nam ngắn tay Biluxury 6SMCH007XAH công nghệ kháng khuẩn thời trang văn phòng lịch lãm,10,499000
3461,Áo sơ mi nam dài tay Biluxury 6SMDC011XDM họa tiết phom Casual thời trang văn phòng lịch lãm,4,599000
3486,Áo khoác gió 2 lớp kiểu dáng sơ mi cổ bẻ from 1996 Bảo Đăng,59,99000
3487,Áo khoác nam cổ đứng vải mero cao cấp kiểu dáng sơ mi phối cúc bấm fom rộng phong cách hàn quốc BẢO ĐĂNG,401,109000
3516,"Áo khoác nam kiểu dáng sơ mi cổ bẻ chất liệu dù 2 lớp đi mưa ,cản gió ,chống nắng tốt họa tiết cá sấu lướt ván BẢO ĐĂNG",131,99000
3517,Áo khoác sơ mi dù vải quang châu kết hợp cổ bẻ họa tiết chữ smile from rộng nam nữ Bảo Đăng,15,99000
3545,OWEN - Áo sơ mi nam dài tay Regular Fit màu xanh nhạt - AR230376DT,396,487500
3549,OWEN - Áo sơ mi dài tay Regular Fit màu Trắng Bamboo - AR20473DP,33,438750
3552,OWEN - Áo sơ mi dài tay Regularfit Trắng - AR91009D1,70,498000
3553,OWEN - Áo sơ mi ngắn tay Body Fit Vàng chất liệu Mint - AB230374NT,4,487500
3556,Áo sơ mi dài tay OWEN Bamboo Slimfit không túi màu xanh sọc - AS22248D,245,282500
3562,Áo sơ mi ngắn tay nam Owen Bamboo kiểu dáng Regularfit - AR90848N,41,536000
3564,Áo sơ mi dài tay OWEN Regularfit Đỏ - AR20850DT,207,354000
3565,OWEN - Áo sơ mi dài tay Regular Fit màu ghi caro Bamboo -AR22543DT,24,324500
3567,OWEN - Áo sơ mi ngắn tay Body Fit Navy chất liệu Mint - AB230375NT,1,487500
3574,Áo sơ mi dài tay OWEN Bamboo Slimfit có túi màu xanh - AS20838DT,168,372000
3577,Áo sơ mi dài tay Owen Bamboo Slimfit có túi màu xám - AS20696DT,197,340800
3578,Áo sơ mi Nam tay ngắn Owen Dáng Body Fit - BA20643NT,22,568000
3581,OWEN - Áo sơ mi ngắn tay Body Fit Ghi Bamboo - AB230192NT,4,590000
3584,Áo sơ mi Dài tay Owen Bamboo Regular Fit màu Trắng caro - AR23385D,24,323400
3586,Áo sơ mi dài tay Nam Owen Café Slimfit màu Xám - AS20948DT,32,598000
3589,OWEN - Áo sơ mi dài tay Regular Fit màu trắng Recycle - AR221561D,45,399000
3598,OWEN - Áo sơ mi ngắn tay Slim Fit Trắng chất liệu Recycle Poly - AS230336N,2,400000
3599,Áo sơ mi Dài tay Owen Bamboo Regular Fit màu Xanh - AR22747D,24,312400
3600,OWEN - Áo sơ mi ngắn tay Body Fit Xanh Bamboo - AB230188NT,7,650000
3601,OWEN - Áo sơ mi dài tay Regular Fit màu xanh kẻ - AR22991DT,10,328900
3609,Áo sơ mi ngắn tay nam Owen Bạch đàn Body Fit màu Xanh nâu trắng - BA23390N,34,408960
3610,Áo sơ mi dài tay OWEN Bamboo Regularfit có túi màu xanh - AR20862DT,92,340800
3614,OWEN - Áo sơ mi ngắn tay Body Fit Xanh chất liệu Bamboo - AB230365NT,0,590000
3617,Áo sơ mi dài tay OWEN Bamboo Regularfit có túi màu trắng họa tiết - AR20839DT,186,372000
3620,Áo sơ mi Ngắn tay Owen Lô hội Body Fit màu Xanh caro - BA22944NT,26,403200
3621,Áo sơ mi Nam dài tay Owen Slim Fit màu Xanh sọc chất liệu Bamboo - AS23231D,6,588000
3625,Áo sơ mi dài tay OWEN Bamboo Slimfit không túi màu trắng sọc - AS20866D,113,340800
3626,Áo sơ mi Ngắn tay Owen Ngải cứu Body Fit màu Xanh caro - BA22957NT,29,403200
3628,OWEN - Áo sơ mi ngắn tay Body Fit Xanh Bamboo - AB230038NT,19,590000
3631,OWEN - Áo sơ mi ngắn tay Body Fit Xanh Mint - AB230075N,9,628000
3642,OWEN - Áo sơ mi ngắn tay Body Fit Xanh Bamboo - BA220846NT,20,590000
3643,Áo sơ mi dài tay nam Owen Bamboo Regular Fit màu Xanh navy trắng - AR23380D,32,323400
3645,OWEN - Áo sơ mi ngắn tay Body Fit Xanh navy trắng Mint - BA220809NT,22,568000
3646,OWEN - Áo sơ mi ngắn tay Body Fit Ghi Bamboo - AB230215NT,3,568000
3647,Áo sơ mi dài tay Nam Owen Slim Fit màu Nâu chất liệu Cafe - AS23361D,6,628000
3650,Áo sơ mi dài tay Nam Owen Regular Fit Trắng modal - AR230326DT,18,420000
3661,Áo sơ mi dài tay nam Owen Nano Regular Fit Xanh tím nhạt - AR22301DT,37,312400
3664,OWEN - Áo sơ mi ngắn tay Body Fit xanh caro Nano - BA220802NT,18,620000
3665,OWEN - Áo sơ mi ngắn tay Body Fit Xanh caro Bamboo - BA220823NT,7,590000
3666,Áo sơ mi dài tay nam Owen Bamboo Regular Fit Hồng nhạt - AR22306DT,24,305800
3667,OWEN - Áo sơ mi ngắn tay Body Fit Ghi Bamboo - BA221263NT,4,590000
3668,Áo sơ mi dài tay nam Owen Bạch đàn Slim Fit màu Tím trắng - AS23401D,19,430560
3675,Áo sơ mi Dài tay Owen  Slim Fit màu Xanh - AS61040D,22,446400
3682,Áo sơ mi dài tay nam Owen Bamboo Slim Fit màu Dobby sọc xanh - AS23222D,14,382200
3690,Áo sơ mi dài tay Nam Owen Slim Fit Trắng chất liệu Modal - AS230329D,2,420000
3691,Áo sơ mi dài tay Nam Owen Nano Regularfit màu Hồng - AR22303DT,9,312400
3693,Áo sơ mi dài tay nam Owen Café Slim Fit màu Be melange - AS23365D,25,628000
3694,Áo sơ mi dài tay nam Owen Bamboo Slim Fit Xám hoạ tiết - AS20871D,33,340800
3697,OWEN - Áo sơ mi ngắn tay Body Fit Ghi Bamboo - AB230134NT,4,590000
3698,OWEN - Áo sơ mi ngắn tay Bamboo Body Fit Xanh sọc - BA220847NT,11,590000
3699,OWEN - Áo sơ mi ngắn tay Body Fit Caro Navy Bamboo - AB230040NT,2,590000
3702,OWEN - Áo sơ mi dài tay Nam Owen Regular Fit màu Xanh chất liệu Nano - AR230246DT,1,650000
3703,OWEN - Áo sơ mi dài tay Slim Fit màu Xanh Bamboo - AS220924D,6,610000
3704,Áo sơ mi Ngắn tay Owen Ngải cứu Body Fit màu Xám caro - BA22954NT,32,403200
3706,Áo sơ mi dài tay nam Owen Nano Slim Fit màu Xanh nhạt - AS23552D,27,598000
3709,Áo sơ mi dài tay Nam Owen Bamboo Slimfit màu Đen - AS20919DT,11,568000
3710,OWEN - Áo sơ mi ngắn tay Body Fit Trắng Bamboo - AB230196NT,9,590000
3711,OWEN - Áo sơ mi ngắn tay Body Fit Xanh Nano - AB230026NT,10,620000
3712,Áo sơ mi dài tay nam Owen Café Regular Fit màu Navy trắng - AR23547D,15,345400
3714,Áo sơ mi ngắn tay Nam Owen màu xanh chất liệu Cafe - BA23332N,4,588000
3718,Áo sơ mi ngắn tay OWEN Relaxfit có túi - AE20714NT,18,312400
3719,OWEN - Áo sơ mi ngắn tay Regular Fit Trắng chất liệu Recycle Poly - AR230334NT,3,400000
3720,Áo sơ mi dài tay Nam Owen Regular Fit Trắng chất liệu Nano - AR230315DT,2,580000
3721,Áo sơ mi nam dài tay Owen dáng Regulafit màu xanh - AR80347D,75,166000
3722,Áo sơ mi Dài tay Nam Owen Bamboo Slim Fit màu Ghi - AS61046D,12,424800
3725,OWEN - Áo sơ mi ngắn tay Regular Fit Navy Bamboo - AR230053NT,13,590000
3729,OWEN - Áo sơ mi dài tay Regular Fit màu Be Bamboo - AR230012DT,7,610000
3730,Áo sơ mi dài tay nam Owen Bamboo Slimfit Đỏ caro - AS80774D,26,568000
3734,OWEN - Áo sơ mi dài tay Regular Fit Trắng Nano - AR230022DT,5,650000
3736,OWEN - Áo sơ mi ngắn tay Body Fit màu ghi caro Bamboo - BA221020NT,10,595000
3737,Áo sơ mi dài tay OWEN Slimfit Xám - AS91562DT,54,411600
3743,Áo sơ mi dài tay nam Owen Bamboo Regularfit họa tiết caro - AR23228D,37,323400
3747,OWEN - Áo sơ mi dài tay Regular Fit Nano hoạ tiết - AR22888DT,13,328900
3748,Áo sơ mi Dài tay Owen Bamboo Slim Fit màu Navy - AS61049D,12,424800
3749,OWEN - Áo sơ mi dài tay Slim Fit màu Navy Nano - AS230027D,7,650000
3752,OWEN - Áo sơ mi ngắn tay Body Fit Navy trắng Cafe - BA220873NT,8,650000
3756,Áo sơ mi dài tay nam Owen Bamboo Slim Fit màu Xám - AS23301D,17,408960
3757,OWEN - Áo sơ mi dài tay Slim Fit màu Xanh Bamboo - AS220834D,0,588000
3758,Áo sơ mi ngắn tay nam Owen Café Body Fit màu Xanh trắng - BA23546N,20,423360
3760,OWEN - Áo sơ mi dài tay Regular Fit màu navy hoạ tiết Bamboo - AR20865DT,16,312400
3763,OWEN - Áo sơ mi ngắn tay Slim Fit Be Bamboo - AS220890N,9,568000
3767,Áo sơ mi dài tay nam Owen Regularfit- AR20728DT,124,598000
3769,OWEN - Áo sơ mi ngắn tay Body Fit xanh caro Bamboo - BA221036NT,12,595000
3772,OWEN - Áo sơ mi dài tay Regular Fit Trắng Bamboo - AR230216D,2,588000
3776,Áo sơ mi Nam dài tay Owen Regular Fit Navy Bamboo - AR221059DT,9,610000
3777,Áo sơ mi dài tay Nam Owen Slim Fit màu xanh caro chất liệu Bamboo - AS21043DT,3,590000
3778,OWEN - Áo sơ mi ngắn tay Body Fit Ghi Bamboo - AB230197N,2,590000
3784,OWEN - Áo sơ mi dài tay Regular Fit màu Be Bamboo - AR221032DT,12,625000
3786,OWEN - Áo sơ mi ngắn tay Body Fit Trắng chất liệu vải Bamboo - AB230362N,0,590000
3787,Áo sơ mi Nam ngắn tay Regular Fit Xanh Navy Mint - AR221335N,198,471000
3788,Áo sơ mi dài tay Nam Owen Regular Fit Đen chất liệu Nano - AR230338DT,0,590000
3789,OWEN - Áo sơ mi ngắn tay Body Fit Xanh Bamboo - AB230008NT,1,590000
3797,Áo sơ mi ngắn tay nam Owen Bạch đàn Regular Fit Xanh - AR20567NT,23,397600
3798,OWEN - Áo sơ mi ngắn tay Body Fit Nâu Mint - AB230076NT,7,628000
3802,OWEN - Áo sơ mi dài tay Slim Fit Xanh Nano - AS220824D,18,650000
3805,Áo sơ mi ngắn tay Nam Owen Nano Regular Fit Trắng in xanh  - AR23761N,3,568000
3807,OWEN - Áo sơ mi ngắn tay Body Fit Xám Bamboo - AB230137NT,1,568000
3813,OWEN - Áo sơ mi ngắn tay Body Fit Ghi caro Bamboo - BA221286NT,5,620000
3815,OWEN - Áo sơ mi dài tay Slim Fit màu Trắng Cafe T-Cool - AS221202D2,11,548000
3816,Áo sơ mi nam dài tay Owen RegularFit-AR90780D1,70,548000
3821,OWEN - Áo sơ mi dài tay Regular Fit Xanh Lotus - AR221289DT,14,650000
3823,Áo sơ mi ngắn tay nam OWEN Bodyfit - BA22552NT,44,403200
3827,OWEN - Áo sơ mi dài tay Regular Fit màu Trắng Cafe - T-cool - AR221200DT2,4,548000
3828,Áo sơ mi ngắn tay nam Owen Bamboo Regular Fit Xanh họa tiết - AR20072N,30,560000
3829,Áo sơ mi dài tay Nam Owen Bạch đàn Regularfit màu Xanh - AR22138DT,24,598000
3830,Áo sơ mi dài tay Nam Owen Bamboo Slimfit màu Xanh - AS22271DT,8,568000
3833,OWEN - Áo sơ mi dài tay Bamboo Regular Fit Trắng - AR221276DT,7,610000
3834,OWEN - Áo sơ mi ngắn tay Body Fit Nâu caro Bamboo - BA221035NT,13,595000
3837,OWEN - Áo sơ mi ngắn tay Body Fit Hồng Bamboo - AB230194NT,6,590000
3839,OWEN - Áo sơ mi dài tay Regular Fit Navy - AR221288DT,9,650000
3841,OWEN - Áo sơ mi ngắn tay Body Fit Xanh Mint - BA220867NT,10,650000
3843,OWEN - Áo sơ mi dài tay Regular Fit màu Xanh Bamboo - AR221274DT,5,610000
3844,Áo sơ mi dài tay nam Owen Bamboo Regular Fit Xám caro - AR22241DT,137,565000
3845,Áo sơ mi dài tay nam Owen Nano Regular Fit màu Ghi trắng - AR23666D,33,328900
3846,OWEN - Áo sơ mi dài tay Regular Fit Xanh vừa - AR221272DT,7,610000
3849,Áo sơ mi Dài tay Owen Bamboo Regular Fit màu Navy - AR61050DT,8,424800
3850,Áo sơ mi ngắn tay nam OWEN Bodyfit - BA22668NT,49,394560
3857,Áo sơ mi ngắn tay nam Owen Bạch đàn Body Fit màu Xanh trắng - BA23388N,18,408960
3859,OWEN - Áo sơ mi dài tay Regular Fit Xanh Bamboo - AR221030DT,14,625000
3860,Áo sơ mi Dài tay Owen Bamboo Slim Fit màu Nâu - AS61014D,19,424800
3861,OWEN - Áo sơ mi dài tay Regular Fit màu Xanh rêu Bamboo - AR221060DT,10,588000
3865,OWEN - Áo sơ mi ngắn tay Body Fit Navy trắng Bamboo - BA220893NT,8,568000
3869,Áo sơ mi Dài tay Owen Bamboo Slim Fit màu Đen - AS61002D,15,403000
3871,OWEN - Áo sơ mi dài tay Bamboo Regular Fit Xanh navy - AR221283DT,5,610000
3878,OWEN - Áo sơ mi dài tay Regular Fit màu Ghi Nano - AR230202DT,4,650000
3881,Áo sơ mi dài tay nam Owen Bamboo Slim Fit màu Navy rêu - AS23219D,17,382200
3882,OWEN - Áo sơ mi dài tay Regular Fit Ghi Bamboo - AR230204DT,7,690000
3885,OWEN - Áo sơ mi dài tay Regularfit Trắng Bamboo - AR230357D,2,690000
3889,Áo sơ mi Dài tay Owen Café Slim Fit màu Trắng sọc xanh - AS23326D,13,452160
3891,Áo sơ mi Dài tay Owen Bamboo Slim Fit màu Nâu - AS61012D,24,383500
3899,OWEN - Áo sơ mi dài tay Regular Fit màu Trắng Bamboo - AR221280DT,9,610000
3900,Áo sơ mi dài tay Owen chất bamboo dáng regulafit màu trắng họa tiết - AR91453DT,63,166000
3901,Áo sơ mi dài tay Owen chất Bamboo Regularfit màu trắng họa tiết - AR90027D,197,166000
3905,OWEN - Áo sơ mi ngắn tay Body Fit Đen Nylon - AB230105NT,2,1000000
3907,Áo sơ mi dài tay nam Owen Bamboo Regular Fit Xanh - AR20698DT,30,568000
3908,OWEN - Áo sơ mi ngắn tay Body Fit Hồng Bamboo - AB230044NT,2,650000
3910,Áo sơ mi dài tay Nam Owen Slim Fit màu Trắng hoạ tiết chất liệu Bamboo - AS23371D,2,588000
3913,"Áo sơ mi nam ngắn tay Owen Viscose,Polyester form Relaxfit màu Nâu - AE230069N",0,650000
3915,OWEN - Áo sơ mi ngắn tay Body Fit Ghi melange Bamboo - BA220946NT,12,568000
3918,OWEN - Áo sơ mi ngắn tay Body Fit Đen kẻ Bamboo - BA220848NT,15,568000
3920,OWEN - Áo sơ mi dài tay Regular Fit Trắng Bamboo - AR221031DT,16,625000
3922,Áo sơ mi ngắn tay OWEN Relaxfit có túi - AE20715NT,37,568000
3923,OWEN - Áo sơ mi dài tay Regular Fit Xanh Bamboo - AR230206DT,4,690000
3925,Áo sơ mi Dài tay Owen Bamboo Regular Fit màu Xanh - AR22743DT,17,312400
3926,Áo sơ mi Dài tay Owen Bamboo Regular Fit màu Đen - AR61007DT,21,424800
3932,OWEN - Áo sơ mi ngắn tay Body Fit Navy trắng Nano - BA220804NT,14,620000
3934,OWEN - Áo sơ mi ngắn tay Body Fit Xanh trắng Nano - BA221565NT,12,620000
3935,OWEN - Áo sơ mi ngắn tay Body Fit Đen Nano - AB230021NT,15,620000
3936,Áo sơ mi dài tay Owen Slimfit - AS91457DT,58,568000
3941,OWEN - Áo sơ mi dài tay Regularfit Xanh - AR230281DT,0,690000
3942,Áo sơ mi ngắn tay Nam Owen Regular Fit Trắng Nylon - AR230096NT,2,1000000
3943,OWEN - Áo sơ mi dài tay Regularfit Xanh Bamboo - AR230257DT,2,690000
3944,OWEN - Áo sơ mi dài tay Regular Fit màu Tím Bamboo - AR221275DT,5,610000
3945,Áo sơ mi ngắn tay Nam Owen Body Fit màu xanh kẻ sọc chất liệu Bạc Hà - BA220403NT,3,628000
3946,OWEN - Áo sơ mi ngắn tay Body Fit hoạ tiết hoa Bamboo - BA221257NT,3,620000
3948,OWEN - Áo sơ mi ngắn tay Body Fit Nâu be Nano - BA220803NT,12,620000
3954,Áo sơ mi dài tay Nam Owen Café Regularfit màu Nâu nhạt - AR22296DT,11,598000
3955,Áo sơ mi dài tay Nam Owen Regular Fit Xanh lá Bamboo - AR230199DT,0,610000
3956,OWEN - Áo sơ mi dài tay Regular Fit màu Xanh lá Bamboo - AR220942D,6,610000
3957,Áo sơ mi nam dài tay Owen - AR90516DT,66,166000
3958,Áo sơ mi dài tay Nam Owen Bamboo Slim Fit - AS23313DT,6,369200
3961,Áo sơ mi dài tay nam Owen Café Slim Fit màu Nâu melange - AS23366D,19,408200
3964,OWEN - Áo sơ mi ngắn tay Body Fit Xanh Bamboo - AB230037NT,1,590000
3968,Áo sơ mi dài tay Nam Owen Bamboo Regular Fit Trắng - AR220134DT,7,434000
3970,OWEN - Áo sơ mi dài tay Regular Fit màu Xanh Bamboo - AR230010DT,3,610000
3974,OWEN - Áo sơ mi ngắn tay Body Fit Xanh Bamboo - AB230004NT,3,590000
3975,Áo sơ mi dài tay Owen Regularfit - AR80814D,76,166000
3980,Áo sơ mi dài tay OWEN Bamboo Slimfit có túi màu xanh navy - AS22247DT,178,339000
3981,OWEN - Áo sơ mi ngắn tay Body Fit Xanh ghi trắng Bamboo - BA220829NT,4,568000
3984,OWEN - Áo sơ mi dài tay Bamboo Regular Fit  Trắng - AR221279DT,2,610000
3987,OWEN - Áo sơ mi ngắn tay Body Fit Nâu be Kẻ nhuyễn Bamboo - BA220954NT,10,590000
3993,Áo sơ mi cổ trụ dài tay nam Owen Bạch đàn Regular Fit Xanh kẻ - AR20748D,6,328900
3994,Áo sơ mi ngắn tay Nam Owen Regular Fit Trắng Cafe T-Cool - AR230322NT,1,528000
3996,Áo sơ mi Dài tay Owen Bamboo Slim Fit màu Nâu - AS61013D,16,424800
3997,OWEN - Áo sơ mi ngắn tay Body Fit Navy Mint - AB230115NT,3,650000
3999,Áo sơ mi dài tay nam Owen Regularfit- AR20711DT,33,397600
4000,OWEN - Áo sơ mi ngắn tay Regular Fit Xanh Kẻ caro Bamboo - AR221027NT,4,595000
4001,OWEN - Áo sơ mi ngắn tay Body Fit Xanh dobby trắng Bamboo - BA220901NT,6,568000
4003,Áo sơ mi ngắn tay Nam Owen Bamboo Body Fit Xanh - BA23588N,11,568000
4005,Áo sơ mi ngắn tay nam Owen Bamboo Slim Fit màu Tím xanh nhạt - AS23538N,19,369200
4008,Áo sơ mi ngắn tay Nam Owen Regular Fit Đen chất liệu Nano - AR230339NT,1,570000
4009,Áo sơ mi dài tay Nam Owen Bamboo Slim Fit Xanh - AS220146D,15,411600
4013,Áo sơ mi ngắn tay OWEN Regularfit - AR22676NT,41,383600
4014,Áo sơ mi dài tay nam Owen Bạc hà Regular Fit Xanh navy - AR22638DT,16,648000
4017,Áo sơ mi nam dài tay Owen chất Sen dáng Regularfit màu đen - AR90772DT,74,648000
4018,Áo sơ mi ngắn tay Bodyfit OWEN - BA20635NT,121,568000
4019,Áo sơ mi dài tay Nam Owen Bamboo Regular Fit Xanh - AR23769D,11,411600
4020,Áo sơ mi ngắn tay nam Owen Bamboo Regular Fit màu Be dobby nâu đậm - AR23525N,33,568000
4022,OWEN - Áo sơ mi dài tay Regular Fit đỏ đậm - AR22904DT,8,328900
4027,Áo sơ mi ngắn tay nam Owen Bodyfit màu xanh xám kẻ caro nâu - BA91506NT,176,439600
4028,Áo sơ mi Nam dài tay Owen Regular Fit Trắng chất liệu Cafe - AR230321DT,0,548000
4029,Áo sơ mi Dài tay Owen Bamboo Regular Fit màu Nâu - AR61015DT,16,424800
4032,OWEN - Áo sơ mi dài tay Regular Fit màu Xanh Bamboo - AR221273DT,5,610000
4034,OWEN - Áo sơ mi ngắn tay nam Bodyfit có túi màu xanh kẻ caro - BA20596NT,4,383600
4039,OWEN - Áo sơ mi dài tay Regular Fit Xanh vừa Bamboo - AR220895DT,8,588000
4041,Áo sơ mi dài tay nam Owen Regularfit- AR91435DT,7,358800
4043,OWEN - Áo sơ mi dài tay Regular Fit màu Xanh Bamboo - AR230003DT,2,610000
4047,OWEN - Áo sơ mi ngắn tay Body Fit Nâu Bamboo - BA220892NT,2,590000
4048,Áo sơ mi dài tay nam Owen Bamboo Regular Fit Xanh tím - AR90680D,33,556000
4050,OWEN - Áo sơ mi dài tay Regular Fit Xanh Bamboo - AR230221DT,1,690000
4051,OWEN - Áo sơ mi dài tay Bamboo Slim Fit Trắng - AS221270D,6,610000
4052,OWEN - Áo sơ mi dài tay Slim Fit màu Xanh vừa Bamboo - AS220836D,7,598000
4055,Áo sơ mi ngắn tay nam Owen Bạch đàn Bodyfit họa tiết caro - BA22690NT,46,568000
4056,Áo sơ mi nam Owen Regularfit màu vàng nhạt - AR20360DP,93,330000
4060,Áo sơ mi Dài tay Owen  Slim Fit màu Đen - AS61051D,18,424800
4062,OWEN - Áo sơ mi ngắn tay Body Fit Ghi caro Bamboo - BA221265NT,5,590000
4063,OWEN - Áo sơ mi dài tay Slim Fit Xanh trắng Bạc Hà - AS220818D,3,690000
4068,OWEN - Áo sơ mi dài tay Regular Fit màu Hồng Nano - AR230201DT,5,650000
4069,Áo sơ mi Dài tay Owen Bamboo Slim Fit - AS61011D,19,383500
4070,OWEN - Áo sơ mi dài tay Regular Fit màu Xanh Bamboo - AR230011DT,3,610000
4071,OWEN - Áo sơ mi ngắn tay Body Fit Ghi Mint - AB230074NT,2,628000
4074,OWEN - Áo sơ mi dài tay Regular Fit màu Navy trắng Bamboo - AR220838DT,1,588000
4075,Áo sơ mi Nam dài tay Owen Bamboo Regular Fit Xanh  - AR220899DT,11,588000
4077,Áo sơ mi ngắn tay Nam Owen Regular Fit Trắng chất liệu Modal - AR230328NT,2,400000
4078,Áo sơ mi Regulerfit Ngắn tay - Có túi - Màu trắng - AR91008N,73,478000
4080,OWEN - Áo sơ mi ngắn tay Body Fit Xanh Bamboo - AB230358NT,0,650000
4084,Áo sơ mi ngắn tay Nam Owen Bamboo Slim Fit Trắng - AS220131NT,6,413000
4087,Áo sơ mi dài tay Nam Owen Bạch đàn Regular Fit màu Navy xanh đậm - AR23664D,13,418600
4088,Áo sơ mi dài tay Owen chất Nano Slimfit màu tím nhạt - AS91469DT,175,166000
4089,OWEN - Áo sơ mi dài tay Regular Fit màu Xanh Nano - AR230018DT,3,650000
4091,OWEN - Áo sơ mi dài tay Slim Fit Xanh Bamboo - AS220844D,10,598000
4092,Áo sơ mi dài tay Nam Owen Bamboo Slim Fit - AS23315D,5,369200
4094,Áo sơ mi dài tay Nam Owen Bamboo Regularfit màu Xanh - AR21051DT,7,590000
4095,Áo sơ mi dài tay Nam Owen Slim Fit Trắng chất liệu Nano - AS230318D,0,580000
4096,OWEN - Áo sơ mi ngắn tay Body Fit Xanh trắng be Bamboo - BA220831NT,4,568000
4100,Áo sơ mi ngắn tay nam Owen Bamboo Bodyfit màu xanh caro - BA22555NT,35,403200
4101,OWEN - Áo sơ mi ngắn tay Body Fit Navy Kẻ nhuyễn Bamboo - BA220783NT,3,590000
4102,Áo sơ mi ngắn tay nam Owen Bamboo Body Fit Xanh caro - BA20631NT,53,383600
4103,Áo sơ mi ngắn tay OWEN Regularfit - AR22715NT,64,568000
4104,Áo sơ mi dài tay OWEN Bạch đàn Slimfit có túi màu ghi - AS20739DT,152,598000
4107,OWEN - Áo sơ mi ngắn tay Body Fit Navy trắng Nano - BA220825NT,11,620000
4108,OWEN - Áo sơ mi dài tay Slim Fit kẻ Bamboo - AS220897D,4,610000
4111,Áo sơ mi nam dài tay Owen dáng RegularFit màu đen - AR80338D,149,558000
4112,Áo sơ mi dài tay nam Owen Bamboo Regular Fit Vàng - AR22307DT,8,305800
4113,OWEN - Áo sơ mi dài tay Regular Fit màu ghi caro Bamboo - AR22543dDT,6,590000
4115,Áo sơ mi dài tay Nam Owen Regularfit Xanh Bamboo - AR230359DT,1,610000
4118,OWEN - Áo sơ mi dài tay Regular Fit màu Navy Bamboo - AR221026DT,3,625000
4119,OWEN - Áo sơ mi ngắn tay Body Fit màu ghi caro Bamboo - BA221025NT,4,595000
4120,OWEN - Áo sơ mi ngắn tay Body Fit Xanh Nano - AB230077NT,4,620000
4122,Áo sơ mi dài tay nam Owen sợi sen Slimfit màu trắng kẻ caro - AS91496DT,87,648000
4126,OWEN - Áo sơ mi dài tay Regular Fit Xanh Bamboo - AR230211DT,1,610000
4127,Áo sơ mi nam dài tay Owen chất Bamboo dáng Regularfit màu tím sọc dọc - AR91462DT,130,166000
4130,Áo sơ mi dài tay nam Owen Bamboo Regular Fit Đỏ - AR80791D,18,558000
4133,Áo sơ mi ngắn tay nam Owen Bạch đàn Body Fit Xanh - BA20733NT,26,312400
4136,OWEN - Áo sơ mi ngắn tay Regular Fit Trắng Nano - AR230317NT,4,550000
4137,Áo sơ mi dài tay Nam Owen Slim Fit Trắng chất liệu Cafe - AS230323D,0,548000
4139,OWEN - Áo sơ mi ngắn tay Cafe Body Fit Ghi trắng - BA220936NT,3,650000
4140,OWEN - Áo sơ mi dài tay Slim Fit Nâu Bamboo - AS220896D,2,610000
4141,OWEN - Áo sơ mi dài tay Regular Fit màu trắng hoạ tiết Bamboo - AR20690DT,0,397600
4142,Áo sơ mi ngắn tay Nam Owen Body Fit Xanh Nylon - AB230095NT,1,1000000
4143,Áo sơ mi ngắn tay nam Owen Bạch đàn Bodyfit màu xanh caro - BA20718NT,55,568000
4148,Áo sơ mi Dài tay Owen  Slim Fit màu Ghi - AS23550D,3,408200
4149,OWEN - Áo sơ mi dài tay Regular Fit Be trắng Bamboo - AR221062DT,10,610000
4152,Áo sơ mi dài tay nam Owen Bamboo Regular Fit Xanh họa tiết - AR80419D,21,166000
4153,OWEN - Áo sơ mi ngắn tay Slim Fit Trắng Bamboo - AS230047N,3,650000
4154,Áo sơ mi ngắn tay nam Owen Bạch đàn Regularfit họa tiết caro - AR22691NT,36,568000
4155,Áo sơ mi Dài tay Owen Bamboo Slim Fit màu Ghi - AS61042D,6,446400
4157,Áo sơ mi ngắn tay Nam Owen Viscose Bodyfit Đỏ - BA23763N,14,397600
4158,OWEN - Áo sơ mi nam dài tay Owen Regular Fit màu Xanh kẻ chất liệu Nano - AR230361DT,0,610000
4161,Áo sơ mi dài tay Nam Owen Bamboo Regular Fit melange ghi  - AR220021DT,7,418600
4163,OWEN - Áo sơ mi ngắn tay Body Fit Xanh Modal - AB230167N,9,650000
4164,OWEN - Áo sơ mi ngắn tay Body Fit Xanh Bamboo - AB230032NT,1,590000
4165,Áo sơ mi dài tay Nam Owen Regular Fit Trắng chất liệu Nano - AR230316D,1,580000
4169,OWEN - Áo sơ mi dài tay Slim Fit màu Be Bamboo - AS221271D,0,610000
4173,Áo sơ mi Nam Ngắn tay owen Bamboo Body fit Xanh bạc hà trắng - BA221038NT,18,568000
4175,Áo sơ mi dài tay Nam Owen Bamboo Regular Fit Be - AR220130DT,4,434000
4176,OWEN - Áo sơ mi dài tay Regular Fit Trắng Bamboo - AR221266DT,7,610000
4184,OWEN - Áo sơ mi ngắn tay Body Fit Trắng Xanh hoạ tiết Bamboo - AB230127NT,4,568000
4186,OWEN - Áo sơ mi dài tay Regular Fit màu ghi caro Bamboo - AR22663NT,17,548000
4189,OWEN - Áo sơ mi ngắn tay Cafe Body Fit Ghi trắng - BA220932NT,9,650000
4190,OWEN - Áo sơ mi ngắn tay Body Fit Nâu caro Bamboo - BA221287NT,10,620000
4192,Áo sơ mi ngắn tay Owen Eco-Shell Regularfit Carô màu Xanh - AR23785N,161,426000
4197,Áo sơ mi ngắn tay Nam Owen Viscose Bodyfit Xanh - BA23779N,15,568000
4198,OWEN - Áo sơ mi dài tay Bamboo Regular Fit Xanh - AR221281DT,1,610000
4199,Áo sơ mi ngắn tay nam Owen Bamboo Bodyfit màu xanh- BA22675NT,45,394560
4200,Áo sơ mi dài tay Nam Owen Bamboo Slim Fit Ghi - AS220136D,8,434000
4202,OWEN - Áo sơ mi ngắn tay Body Fit xanh caro Bamboo - BA20599NT,4,548000
4205,Áo sơ mi dài tay nam Owen Tím họa tiết - AS91311D,44,166000
4207,OWEN - Áo sơ mi ngắn tay Body Fit Nâu melange Bạc Hà - BA220816NT,16,650000
4209,OWEN - Áo sơ mi dài tay Slim Fit màu Xanh kẻ Bamboo - AS22660D,5,568000
4210,Áo sơ mi dài tay nam Owen Nano Regular Fit Xanh - AR22304DT,14,312400
4212,OWEN - Áo sơ mi ngắn tay Body Fit Ghi Bamboo - AB230133N,0,590000
4214,Áo sơ mi ngắn tay Nam Owen  Bạc hà Body Fit màu Xanh trắng - BA23567N,17,628000
4215,OWEN - Áo sơ mi dài tay  Slim Fit Xanh Mint - AS220820D,6,690000
4216,OWEN - Áo sơ mi dài tay Regular Fit màu Xanh  Bamboo - AR220785DT,4,610000
4217,Áo sơ mi ngắn tay Nam Owen Body Fit màu xanh chất liệu Nylon spandex - BA23251N,2,1000000
4218,OWEN - Áo sơ mi ngắn tay Body Fit màu ghi caro Bamboo - BA221029NT,4,595000
4221,Áo sơ mi dài tay nam Owen Nano Regular Fit Xanh - AR22299DT,14,568000
4222,Áo sơ mi ngắn tay Nam Owen Bamboo Slim Fit Navy - AS220135N,10,590000
4223,OWEN - Áo sơ mi ngắn tay Body Fit Xanh Mint - BA220864NT,0,650000
4225,OWEN - Áo sơ mi dài tay Regular Fit màu Ghi Nano - AR230203DT,1,650000
4226,OWEN - Áo sơ mi ngắn tay Body Fit Navy caro Bamboo - BA220850NT,12,568000
4227,OWEN - Áo sơ mi dài tay Regular Fit Nâu Cafe T-Cool - AR220871DT,2,690000
4230,OWEN - Áo sơ mi ngắn tay Body Fit Ghi Cafe T-Cool - AB230108NT,3,650000
4231,OWEN - Áo sơ mi dài tay Slim Fit màu Navy Cafe - AS220931D,2,690000
4232,OWEN - Áo sơ mi ngắn tay Body Fit Nâu Cafe - BA221037NT,10,650000
4235,OWEN - Áo sơ mi dài tay Regular Fit màu Xanh trắng Bamboo - AR220835DT,6,588000
4237,OWEN - Áo sơ mi dài tay Regular Fit màu Xanh Bamboo - AR230090D,1,610000
4238,Áo sơ mi dài tay Nam Owen Bamboo Slim Fit Ghi trắng - AS23577D,14,411600
4241,OWEN - Áo sơ mi ngắn tay Body Fit Trắng hoạ tiết Bamboo - BA221285NT,6,620000
4242,Áo sơ mi dài tay nam Owen Bamboo Slim Fit màu Tím xanh nhạt - AS23537D,12,369200
4243,[Mã FASHIONMALLT4 giảm 15% tối đa 30K đơn 150k] Áo sơ mi ngắn tay Bodyfit OWEN - BA20634NT,56,568000
4244,Áo sơ mi Nam ngắn tay Owen Body Fit Đen trắng nâu Bamboo - BA220830NT,14,568000
4246,Áo sơ mi dài tay nam Owen Nano Regularfit màu đỏ - AR23784D (MHR),144,448500
4249,OWEN - Áo sơ mi dài tay Regular Fit Navy Bamboo - AR230210DT,0,610000
4250,OWEN - Áo sơ mi dài tay Bamboo Regular Fit Tím - AR221278DT,6,610000
4252,Áo sơ mi ngắn tay Nam Owen Bamboo Bodyfit màu Xanh - BA20585N,13,548000
4254,OWEN - Áo sơ mi dài tay Regular Fit màu Xanh nhạt Bamboo - AR221061DT,15,588000
4257,OWEN - Áo sơ mi dài tay Slim Fit Be Bamboo - AS221267DT,2,610000
4261,Áo sơ mi dài tay Owen Regularfit - AR90028D,69,166000
4262,OWEN - Áo sơ mi ngắn tay Body Fit Xanh lá Mint - AB230354NT,0,650000
4263,Áo sơ mi ngắn tay nam Owen Bodyfit - BA90047N,95,570000
4264,OWEN - Áo sơ mi dài tay Regular Fit màu Xanh Modal - AR230174DT,3,690000
4265,OWEN - Áo sơ mi dài tay Regular Fit Xanh mint đậm Bạc hà - AR220813DT,5,690000
4267,OWEN - Áo sơ mi dài tay Regular Fit màu Nâu be Mint - AR220815DT,4,690000
4273,Áo sơ mi dài tay Nam Owen Bamboo Slim Fit Navy - AS220120D,5,434000
4275,Áo sơ mi dài tay Nam Owen Bamboo Regularfit màu Trắng caro - AR21049DT,11,324500
4276,Áo sơ mi ngắn tay Nam Owen Lotus Regular Fit kẻ Xanh đen - AR220077NT,10,439600
4279,OWEN - Áo sơ mi ngắn tay Body Fit Đỏ Bamboo - BA220902NT,6,590000
4280,OWEN - Áo sơ mi dài tay Cafe Regular Fit Xanh navy trắng - AR220880DT,2,690000
4281,Áo sơ mi dài tay Nam Owen Bamboo Regular Fit Trắng - AR23768D,13,588000
4282,OWEN - Áo sơ mi dài tay Slim Fit màu Nâu Cafe - AS220875D,0,690000
4283,Áo sơ mi ngắn tay Nam Owen Body Fit Nano Xanh trắng - BA220806NT,11,568000
4284,Áo sơ mi dài tay nam Owen Bạch đàn Regular Fit Caro - AR20707DT,30,418600
4286,OWEN - Áo sơ mi dài tay Regular Fit màu Navy Bamboo - AR230013DT,0,610000
4287,OWEN - Áo sơ mi dài tay Regular Fit màu Tím trắng Bamboo - AR220904DT,10,588000
4292,OWEN - Áo sơ mi dài tay Regularfit Xanh Bamboo - AR230277DT,0,610000
4297,OWEN - Áo sơ mi dài tay Regular Fit Trắng kẻ Bamboo - AR221049DT,5,625000
4298,Áo sơ mi dài tay nam Owen Café Regular Fit Hồng nhạt - AR22295DT,18,418600
4301,Áo sơ mi ngắn tay Nam Owen  Café Body Fit màu Xanh đen trắng - BA23364N,14,588000
4302,Áo sơ mi dài tay Nam Owen Bamboo Slim Fit Ghi - AS23421D,6,418600
4303,OWEN - Áo sơ mi ngắn tay Slim Fit Trắng hoạ tiết - AS221048N,3,605000
4304,Áo sơ mi ngắn tay OWEN Bạch đàn Regularfit màu xanh - AR22695NT,63,312400
4307,OWEN - Áo sơ mi ngắn tay Body Fit Trắng xanh Bamboo - BA221268NT,5,620000
4308,Áo sơ mi ngắn tay Nam Owen Bạch đàn Bodyfit màu Xanh - BA20742NT,20,568000
4310,OWEN - Áo sơ mi ngắn tay Body Fit Xanh trắng Bamboo - BA220781NT,3,568000
4312,Áo sơ mi dài tay Nam Owen Bamboo Slim Fit Xanh - AS220020D,23,411600
4315,OWEN - Áo sơ mi ngắn tay Bamboo Body Fit Xanh hoạ tiết - BA221282NT,3,590000
4318,Áo sơ mi Nam dài tay Owen Regular Fit Bamboo Xanh bạc hà trắng - AR220905DT,15,588000
4320,Áo sơ mi dài tay nam Owen Bamboo Regular Fit Xanh đậm be nâu - AR23213D,14,411600
4321,OWEN - Áo sơ mi ngắn tay Body Fit Hoạ tiết Bamboo - BA221258NT,18,620000
4322,Áo sơ mi ngắn tay nam Owen chất Nano dáng Regularfit màu tím - AR90658NT,121,166000
4323,OWEN - Áo sơ mi ngắn tay Body Fit Ghi Bamboo - AB230051NT,2,590000
4324,Áo sơ mi dài tay Nam Owen  Bamboo Regular Fit màu Navy xanh đậm - AR23375D,18,411600
4327,Áo sơ mi dài tay nam Owen Bamboo Slim Fit Đen họa tiết - AS81463D,37,166000
4328,OWEN - Áo sơ mi ngắn tay Body Fit xanh caro Bamboo - BA221260NT,10,620000
4329,Áo sơ mi Dài tay Nam Owen Slim Fit Trắng hoạ tiết -AS23308D,9,397600
4330,Áo sơ mi ngắn tay Nam Owen Lotus Regular Fit Xanh - AR220088NT,17,397600
4331,Áo sơ mi dài tay OWEN Bamboo Slimfit không túi màu trắng - AS22246D,60,565000
4332,Áo sơ mi dài tay nam Owen Bamboo Slim Fit Xanh caro - AS20887DT,24,568000
4334,OWEN - Áo sơ mi dài tay Slim Fit Xanh chất liệu Nylon-spandex - AS23249D,0,1200000
4336,OWEN - Áo sơ mi dài tay Regular Fit màu Xanh Bamboo - AR230205DT,3,610000
4337,Áo sơ mi Nam ngắn tay Owen Bamboo Body fit Xanh rêu - BA220953NT,3,568000
4339,Áo sơ mi Nam dài tay Owen Slim Fit Nâu trắng Bamboo - AR220900DT,3,588000
4340,Áo sơ mi dài tay Nam Owen Bamboo Regular Fit Be - AR220149DT,19,411600
4341,Áo sơ mi ngắn tay Nam Owen Body Fit Xanh Nylon - AB230212NT,1,1100000
4343,OWEN - Áo sơ mi dài tay Slim Fit Nâu be Bạc Hà - AS220810D,2,690000
4344,OWEN - Áo sơ mi dài tay Slim Fit màu Be Bamboo - AS220891DT,0,610000
4345,OWEN - Áo sơ mi ngắn tay Body Fit Xanh hoạ tiết Bamboo - AB230034N,1,590000
4346,OWEN - Áo sơ mi dài tay Regular Fit màu Navy Nano - AR230200DT,3,650000
4347,OWEN - Áo sơ mi dài tay Regular Fit Xanh rêu Bamboo - AR220906DT,3,610000
4348,Áo sơ mi ngắn tay Nam Owen Viscose Bodyfit Ghi - BA23778N,15,568000
4349,OWEN - Áo sơ mi dài tay Slim Fit màu Trắng đen Bamboo - AS220887D,4,610000
4350,Áo sơ mi dài tay Owen Slimfit - AS91465DT,46,166000
4351,OWEN - Áo sơ mi dài tay Regular Fit Xanh Bamboo - AR230009DT,1,610000
4352,OWEN - Áo sơ mi ngắn tay Body Fit Xanh Mint - BA220866NT,1,650000
4354,Áo sơ mi dài tay Nam Owen Regular Fit Xanh Bamboo - AR230079DT,0,610000
4363,"Áo sơ mi ngắn tay Nam Owen Viscose, Polyester form Relaxfit màu Navy - AE230068N",1,650000
4364,Áo sơ mi ngắn tay Nam Owen Bamboo Regular Fit Navy - AR220133NT,9,413000
4365,Áo sơ mi dài tay nam Owen Bamboo Slim Fit Navy ghi - AS23214D,19,588000
4367,Áo sơ mi dài tay OWEN Bạch đàn Regularfit có túi họa tiết caro - AR22139DT,138,598000
4369,Áo sơ mi ngắn tay Nam Owen Bamboo Body Fit Be - BA220148NT,15,397600
4372,Áo sơ mi ngắn tay Nam Owen Nano Regular Fit Trắng - AR23765N,15,418600
4374,OWEN - Áo sơ mi ngắn tay Relaxfit Xanh rêu Viscose - AE230067N,1,650000
4376,OWEN - Áo sơ mi dài tay Regular Fit Be Bạc hà - AR220811DT,5,690000
4378,Áo sơ mi dài tay nam Owen Bamboo Slimfit màu xanh navy kẻ - AS91306D,32,166000
4379,OWEN - Áo sơ mi dài tay Regular Fit màu Xanh Bamboo - AR221259DT,1,650000
4380,Áo sơ mi dài tay nam Owen Slimfit - AS20713DT,58,598000
4387,OWEN - Áo sơ mi dài tay Regular Fit màu Ghi xanh Mint - AR220817DT,1,690000
4388,OWEN - Áo sơ mi dài tay Regular Fit Cafe Ghi xanh - AR220881D,1,690000
4391,Áo sơ mi dài tay nam Owen Bamboo Regular Fit Be trắng - AR23195D,15,411600
4392,Áo sơ mi dài tay nam Owen Nano Regular Fit Trắng sọc - AR22290DT,30,598000
4393,OWEN - Áo sơ mi ngắn tay Bamboo Body Fit Be melange - BA220939NT,3,590000
4395,OWEN - Áo sơ mi dài tay Regular Fit màu Nâu Bamboo - AR220885D,3,610000
4396,Áo sơ mi dài tay Nam Owen Bạc hà Regular Fit Xanh ghi đen jacquard trắng - AR22641DT,18,453600
4397,OWEN - Áo sơ mi dài tay Regular Fit Xanh rêu Cafe T-Cool - AR220856DT,3,690000
4398,Áo sơ mi ngắn tay Nam Owen Bạc hà Body Fit Xanh - BA220059NT,12,628000
4399,Áo sơ mi Nam dài tay Owen Slim Fit Xanh đậm Bamboo - AS220854D,1,598000
4401,Áo sơ mi dài tay Nam Owen Bamboo Regular Fit Xanh - AR220132D,8,434000
4404,Áo sơ mi ngắn tay Nam Owen Bamboo Regular Fit Xanh - AR220129NT,9,590000
4405,OWEN - Áo sơ mi dài tay Regular Fit màu Xanh Navy Cafe - AR220879DT,0,690000
4406,Áo sơ mi dài tay Nam Owen Bamboo Slim Fit Xanh dobby trắng - AS23579D,17,411600
4409,Áo sơ mi ngắn tay Nam Owen Café Regular Fit kẻ Ghi xanh - AR220104NT,8,411600
4410,OWEN - Áo sơ mi ngắn tay Body Fit Xanh Cafe - BA220861NT,2,650000
4411,OWEN - Áo sơ mi dài tay Slim Fit Xanh chất liệu Nylon-spandex - AS23252D,0,1200000
4412,Áo sơ mi Nam ngắn tay Owen Bamboo Regular Fit Navy xám xanh - AR220049NT,1,568000
4413,Áo sơ mi dài tay Nam Owen Slim Fit màu xanh nhạt chất liệu Nylon spandex - AS23250D,0,1200000
4414,Áo sơ mi dài tay Nam Owen Regular Fit Xanh Nylon - AR230097DT,0,1200000
4415,Áo sơ mi dài tay nam Owen Bamboo Slimfit màu xanh - AS91561DT,80,411600
4416,Áo sơ mi dài tay nam Owen chất Bamboo dáng Slimfit màu xám - AS91302DT,77,166000
4417,Áo sơ mi Nam ngắn tay Owen Body Fit Đỏ đậm navy trắng Mint - BA220807NT,7,650000
4418,OWEN - Áo sơ mi dài tay Regular Fit Xanh Nylon - AR230106D,0,1200000
4420,Áo sơ mi Nam ngắn tay Owen Relaxfit màu Navy Viscose - AE230073NT,0,650000
4422,OWEN - Áo sơ mi dài tay Regular Fit màu Ghi Xanh Bamboo - AR220912DT,0,610000
4424,Áo sơ mi dài tay Nam Owen Bamboo Slim Fit Xanh rêu - AS220125D,9,620000
4426,Áo sơ mi ngắn tay nam Owen Bamboo Body Fit Navy trắng đỏ - BA23535N,16,568000
4429,OWEN - Áo sơ mi Nam dài tay Slim Fit màu Navy chất liệu Nylon-Spandex - AS230098D,0,1200000
4431,OWEN - Áo sơ mi dài tay Regular Fit màu Xanh Cafe - AR220934DT,0,690000
4432,Áo sơ mi ngắn tay Nam Owen Café Regular Fit Xanh trắng  - AR220103NT,10,411600
4433,Áo sơ mi nam dài tay Owen Bamboo SlimFit - AS81459D,34,590000
4434,OWEN - Áo sơ mi dài tay Regularfit Xanh Bamboo - AR230356D,1,690000
4437,Áo sơ mi dài tay OWEN Bạch đàn Slimfit có túi màu ghi - AS20747DT,74,598000
4439,OWEN - Áo sơ mi dài tay Regular Fit màu Navy Cafe - AR220855DT,0,690000
4441,Áo sơ mi Nam dài tay Owen Regular Fit Bamboo Navy trắng  - AR220894DT,3,588000
4442,Áo sơ mi dài tay nam Owen Bạc hà Regular Fit Trắng kẻ xanh nâu - AR23633DT,18,648000
4446,Áo sơ mi ngắn tay Nam Owen Viscose Bodyfit Xanh - BA23759N,2,568000
4449,Áo sơ mi Nam Ngắn tay Owen Body Fit Xanh nâu trắng Bamboo - BA220780NT,1,568000
4450,Áo sơ mi Nam dài tay Owen Slim Fit Nền ghi melange kẻ caro ghi đậm Mocrofiber - AS220793D,2,598000
4451,OWEN - Áo sơ mi dài tay Regular Fit Ghi Bamboo - AR230219DT,0,690000
4452,"Áo sơ mi ngắn tay Nam Owen form Relaxfit màu xanh rêu Viscose,Polyester - AE230071N",0,650000
4454,Áo sơ mi Nam dài tay Owen Slim Fit ghi melange sọc navy Bamboo - AS220797D,1,598000
4455,Áo sơ mi dài tay Nam Owen Regular Fit Ghi Bamboo - AR230218DT,0,610000
4459,OWEN - Áo sơ mi Bamboo Regular Fit màu Đen Dài tay hoạ tiết - AR20094D,1,166000
4462,OWEN - Áo sơ mi dài tay Regular Fit màu Ghi Bamboo - AR221262DT,0,610000
4463,OWEN - Áo sơ mi dài tay Regular Fit màu Xanh Bamboo - AR220938DT,2,610000
4464,Áo sơ mi dài tay Nam Owen Regular Fit Navy Bamboo - AR230220DT,0,690000
4466,OWEN - Áo sơ mi ngắn tay Body Fit Xanh Modal - AB230166NT,2,650000
4467,Áo sơ mi Nam dài tay Owen Slim Fit Xanh trắng Kẻ nhuyễn Bamboo - AS220917D,2,588000
4474,Áo sơ mi dài tay Nam Owen Regular Fit Xanh Bamboo - AR230222DT,0,690000
4475,OWEN - Áo sơ mi Nam dài tay Bamboo Regular fit màu xanh - AR230000DT,3,610000
4476,OWEN - Áo sơ mi dài tay Regular Fit Xanh rêu Cafe - AR220859DT,4,690000
4478,Áo sơ mi Nam ngắn tay Owen Bamboo Regular Fit Nâu xám - AR220047NT,3,568000
4483,OWEN - Áo sơ mi dài tay Regular Fit Xanh Cafe - AR220868DT,1,690000
4489,Áo sơ mi dài tay nam Owen Bamboo Slim Fit Xanh kẻ - AS20108D,0,590000
4490,Áo sơ mi dài tay nam Owen Bamboo Slim Fit Xanh họa tiết - AS20867D,0,568000
4491,OWEN - Áo sơ mi dài tay Regular Fit màu Xanh Bamboo - AR220913DT,0,610000
4492,OWEN - Áo sơ mi dài tay Slim Fit Xanh Bamboo - AS230186D,1,690000
4495,OWEN - Áo sơ mi dài tay Regular Fit màu ghi Bamboo - AR221269DT,1,610000
4503,OWEN - Áo sơ mi dài tay Regular Fit màu Xanh Nano - AR230223DT,0,650000
4504,Áo sơ mi dài tay nam Owen Nano Regular Fit Xanh - AR22305DT,1,312400
4507,OWEN - Áo sơ mi dài tay Regular Fit Ghi Cafe T-Cool - AR230213DT,0,690000
4511,Áo sơ mi Nam dài tay Owen Slim Fit Nền ghi melange kẻ caro ghi đậm - AS220796D,3,598000
